﻿<?xml version="1.0" encoding="utf-8"?>
<Archive>
  <Name>GolfShareCardApp.Android</Name>
  <PackageName>com.companyname.golfsharecardapp</PackageName>
  <PackageVersionCode>1</PackageVersionCode>
  <PackageVersionName>1.0</PackageVersionName>
  <PackageFormat>apk</PackageFormat>
  <CreationDate>637559151344966113</CreationDate>
  <SolutionName>GolfShareCardApp</SolutionName>
  <SolutionPath>C:\Users\steve\source\repos\GolfShareCardApp\GolfShareCardApp.sln</SolutionPath>
  <Status></Status>
  <Configuration>
    <DebugMode>false</DebugMode>
  </Configuration>
</Archive>